LABEL,ID,TRACK_ID,QUALITY,POSITION_X,POSITION_Y,POSITION_Z,POSITION_T,FRAME,RADIUS,VISIBILITY,MANUAL_SPOT_COLOR,MEAN_INTENSITY_CH1,MEDIAN_INTENSITY_CH1,MIN_INTENSITY_CH1,MAX_INTENSITY_CH1,TOTAL_INTENSITY_CH1,STD_INTENSITY_CH1,MEAN_INTENSITY_CH2,MEDIAN_INTENSITY_CH2,MIN_INTENSITY_CH2,MAX_INTENSITY_CH2,TOTAL_INTENSITY_CH2,STD_INTENSITY_CH2,CONTRAST_CH1,SNR_CH1,CONTRAST_CH2,SNR_CH2
Label,Spot ID,Track ID,Quality,X,Y,Z,T,Frame,Radius,Visibility,Manual spot color,Mean intensity ch1,Median intensity ch1,Min intensity ch1,Max intensity ch1,Sum intensity ch1,Std intensity ch1,Mean intensity ch2,Median intensity ch2,Min intensity ch2,Max intensity ch2,Sum intensity ch2,Std intensity ch2,Contrast ch1,Signal/Noise ratio ch1,Contrast ch2,Signal/Noise ratio ch2
Label,Spot ID,Track ID,Quality,X,Y,Z,T,Frame,R,Visibility,Spot color,Mean ch1,Median ch1,Min ch1,Max ch1,Sum ch1,Std ch1,Mean ch2,Median ch2,Min ch2,Max ch2,Sum ch2,Std ch2,Ctrst ch1,SNR ch1,Ctrst ch2,SNR ch2
,,,(quality),(micron),(micron),(micron),(sec),,(micron),,,(counts),(counts),(counts),(counts),(counts),(counts),(counts),(counts),(counts),(counts),(counts),(counts),,,,
ID91592,91592,4,11.91275405883789,2.9415439595291795,1.2856601816249127,1.2849974020643247,61.17463302612305,16,0.1,1,,0.0379746835443038,0.0,0.0,1.0,3.0,0.192356371638255,10.91139240506329,11.0,6.0,15.0,862.0,2.2993303005926817,-0.5339805825242717,-0.45241712408339574,0.3124072217922529,2.2592342374897667
ID91593,91593,4,23.683523178100586,2.8878321271659635,1.3303794808775409,1.2861835576866856,64.99804759025574,17,0.1,1,,0.9113924050632911,1.0,0.0,1.0,72.0,0.2859923532114518,20.341772151898734,21.0,11.0,28.0,1607.0,4.266404466951627,0.35550674615625977,1.67157990890931,0.3115452801871693,2.2651378810846645
ID91596,91596,4,40.020050048828125,2.80489753958486,1.3196815201064032,1.3863105463130316,68.82146215438843,18,0.1,1,,0.0,0.0,0.0,0.0,0.0,0.0,33.35443037974684,33.0,17.0,48.0,2635.0,7.654457348472069,NaN,NaN,0.3400888730666293,2.2117087611868627
ID91598,91598,4,19.79652976989746,2.813018688581961,1.2770291770005935,1.451746381311847,72.64487671852112,19,0.1,1,,0.0,0.0,0.0,0.0,0.0,0.0,16.31645569620253,16.0,10.0,23.0,1289.0,3.395110752309549,-1.0,-Infinity,0.3279019955444716,2.373449042093134
