LABEL,ID,TRACK_ID,QUALITY,POSITION_X,POSITION_Y,POSITION_Z,POSITION_T,FRAME,RADIUS,VISIBILITY,MANUAL_SPOT_COLOR,MEAN_INTENSITY_CH1,MEDIAN_INTENSITY_CH1,MIN_INTENSITY_CH1,MAX_INTENSITY_CH1,TOTAL_INTENSITY_CH1,STD_INTENSITY_CH1,MEAN_INTENSITY_CH2,MEDIAN_INTENSITY_CH2,MIN_INTENSITY_CH2,MAX_INTENSITY_CH2,TOTAL_INTENSITY_CH2,STD_INTENSITY_CH2,CONTRAST_CH1,SNR_CH1,CONTRAST_CH2,SNR_CH2
Label,Spot ID,Track ID,Quality,X,Y,Z,T,Frame,Radius,Visibility,Manual spot color,Mean intensity ch1,Median intensity ch1,Min intensity ch1,Max intensity ch1,Sum intensity ch1,Std intensity ch1,Mean intensity ch2,Median intensity ch2,Min intensity ch2,Max intensity ch2,Sum intensity ch2,Std intensity ch2,Contrast ch1,Signal/Noise ratio ch1,Contrast ch2,Signal/Noise ratio ch2
Label,Spot ID,Track ID,Quality,X,Y,Z,T,Frame,R,Visibility,Spot color,Mean ch1,Median ch1,Min ch1,Max ch1,Sum ch1,Std ch1,Mean ch2,Median ch2,Min ch2,Max ch2,Sum ch2,Std ch2,Ctrst ch1,SNR ch1,Ctrst ch2,SNR ch2
,,,(quality),(micron),(micron),(micron),(sec),,(micron),,,(counts),(counts),(counts),(counts),(counts),(counts),(counts),(counts),(counts),(counts),(counts),(counts),,,,
ID54641,54641,0,30.524335861206055,6.72901448216646,2.9537232333289967,1.7166223272372843,42.057560205459595,11,0.1,1,,0.05063291139240506,0.0,0.0,1.0,4.0,0.2206478908203439,28.11392405063291,28.0,16.0,39.0,2221.0,5.771253567271801,-0.4141578519121236,-0.324450465235159,0.31041682714448904,2.307900606156329
ID54664,54664,0,57.44563674926758,6.752397532256271,2.957993656587759,1.7796500762639287,38.234145641326904,10,0.1,1,,1.4556962025316456,1.0,0.0,4.0,115.0,1.141270865559591,46.20253164556962,47.0,21.0,67.0,3650.0,11.806538547896249,0.21582332383777275,0.4528349309866544,0.34071987678437415,1.988990008024792
ID54633,54633,0,31.35100555419922,6.847845958279082,2.984663874881754,1.746688882049785,34.410731077194214,9,0.1,1,,0.0,0.0,0.0,0.0,0.0,0.0,29.354430379746834,30.0,14.0,39.0,2319.0,5.697588276751221,-1.0,-Infinity,0.26994557962829857,2.1903004874305583
ID54621,54621,0,27.155391693115234,6.769008323263707,2.9159929516829663,1.6516863944928506,30.587316513061523,8,0.1,1,,0.7468354430379747,1.0,0.0,2.0,59.0,0.5180920230699476,29.734177215189874,30.0,17.0,39.0,2349.0,5.319795785456561,0.2776708373435996,0.626555141482899,0.2549520102991426,2.271026919950694
